Wavelength,Absorbance,Drug_Type
649.920715,3.2e-08,Sucrose
651.849263,4.769e-08,Sucrose
653.7778109999999,0.0,Sucrose
655.7063589999999,3.2e-08,Sucrose
657.6349069999999,1e-09,Sucrose
659.5634549999999,0.0,Sucrose
661.4920029999998,1.6672000000000002e-05,Sucrose
663.4205509999998,8.192e-06,Sucrose
665.3490989999998,6.5536e-05,Sucrose
667.2776469999998,1.579867e-05,Sucrose
669.2061949999998,-1e-09,Sucrose
671.1347429999997,-1e-09,Sucrose
673.0632909999997,0.325038592,Sucrose
674.9918389999997,0.31365536,Sucrose
676.9203869999997,0.306656064,Sucrose
678.8489349999996,0.302655744,Sucrose
680.7774829999996,0.30109072000000003,Sucrose
682.7060309999996,0.30141568,Sucrose
684.6345789999996,0.303885408,Sucrose
686.5631269999996,0.308555776,Sucrose
688.4916749999995,0.313885664,Sucrose
690.4202229999995,0.320475296,Sucrose
692.3487709999995,0.33198531200000003,Sucrose
694.2773189999995,0.342307552,Sucrose
696.2058669999994,0.354949248,Sucrose
698.1344149999994,0.369885312,Sucrose
700.0629629999994,0.383410688,Sucrose
701.9915109999994,0.38810256000000004,Sucrose
703.9200589999994,0.378942496,Sucrose
705.8486069999993,0.35932524800000004,Sucrose
707.7771549999993,0.33746912,Sucrose
709.7057029999993,0.31615580800000004,Sucrose
711.6342509999993,0.29613712000000003,Sucrose
713.5627989999992,0.279585952,Sucrose
715.4913469999992,0.26795656,Sucrose
717.4198949999992,0.260316704,Sucrose
719.3484429999992,0.254474256,Sucrose
721.2769909999992,0.247827328,Sucrose
723.2055389999991,0.23931164800000002,Sucrose
725.1340869999991,0.229262672,Sucrose
727.0626349999991,0.219483904,Sucrose
728.9911829999991,0.212002624,Sucrose
730.919730999999,0.20680166400000002,Sucrose
732.848278999999,0.20498464000000002,Sucrose
734.776826999999,0.205811568,Sucrose
736.705374999999,0.20814881600000001,Sucrose
738.633922999999,0.211486224,Sucrose
740.5624709999989,0.21575881600000002,Sucrose
742.4910189999989,0.22079064,Sucrose
744.4195669999989,0.22681056000000002,Sucrose
746.3481149999989,0.23335318400000002,Sucrose
748.2766629999988,0.240245648,Sucrose
750.2052109999988,0.24812123200000002,Sucrose
752.1337589999988,0.25604648,Sucrose
754.0623069999988,0.26184966400000004,Sucrose
755.9908549999988,0.260368704,Sucrose
757.9194029999987,0.24307371200000003,Sucrose
759.8479509999987,0.212013168,Sucrose
761.7764989999987,0.18169376,Sucrose
763.7050469999987,0.16167446400000002,Sucrose
765.6335949999986,0.151107248,Sucrose
767.5621429999986,0.14537313600000001,Sucrose
769.4906909999986,0.140994112,Sucrose
771.4192389999986,0.136449712,Sucrose
773.3477869999986,0.131625968,Sucrose
775.2763349999985,0.126810968,Sucrose
777.2048829999985,0.12173589600000001,Sucrose
779.1334309999985,0.11644180800000001,Sucrose
781.0619789999985,0.111472024,Sucrose
782.9905269999985,0.10709368000000001,Sucrose
784.9190749999984,0.102510872,Sucrose
786.8476229999984,0.09834938400000001,Sucrose
788.7761709999984,0.09457288000000001,Sucrose
790.7047189999984,0.091001552,Sucrose
792.6332669999983,0.08785484,Sucrose
794.5618149999983,0.085092888,Sucrose
796.4903629999983,0.08254207200000001,Sucrose
798.4189109999983,0.08039180800000001,Sucrose
800.3474589999983,0.07841603200000001,Sucrose
802.2760069999982,0.076493712,Sucrose
804.2045549999982,0.074114472,Sucrose
806.1331029999982,0.07132561600000001,Sucrose
808.0616509999982,0.068854104,Sucrose
809.9901989999981,0.067277424,Sucrose
811.9187469999981,0.066217916,Sucrose
813.8472949999981,0.06565056000000001,Sucrose
815.7758429999981,0.065415604,Sucrose
817.704390999998,0.06553188800000001,Sucrose
819.632938999998,0.06553650800000001,Sucrose
821.561486999998,0.06582596,Sucrose
823.490034999998,0.066494672,Sucrose
825.418582999998,0.0669617,Sucrose
827.347130999998,0.06740689600000001,Sucrose
829.2756789999979,0.068287872,Sucrose
831.2042269999979,0.06980779200000001,Sucrose
833.1327749999979,0.071427552,Sucrose
835.0613229999979,0.073320248,Sucrose
836.9898709999978,0.07576184000000001,Sucrose
838.9184189999978,0.078334864,Sucrose
840.8469669999978,0.0813726,Sucrose
842.7755149999978,0.085192456,Sucrose
844.7040629999977,0.089410336,Sucrose
846.6326109999977,0.094049744,Sucrose
848.5611589999977,0.099623232,Sucrose
850.4897069999977,0.105966056,Sucrose
852.4182549999977,0.112858896,Sucrose
854.3468029999976,0.12029096800000001,Sucrose
856.2753509999976,0.128782856,Sucrose
858.2038989999976,0.13917452800000002,Sucrose
860.1324469999976,0.152920576,Sucrose
862.0609949999975,0.17101643200000002,Sucrose
863.9895429999975,0.195863888,Sucrose
865.9180909999975,0.232860736,Sucrose
867.8466389999975,0.288006976,Sucrose
869.7751869999975,0.35988873600000004,Sucrose
871.7037349999974,0.414805376,Sucrose
873.6322829999974,0.40043696,Sucrose
875.5608309999974,0.326894976,Sucrose
877.4893789999974,0.25697558400000003,Sucrose
879.4179269999973,0.222110576,Sucrose
881.3464749999973,0.21849480000000002,Sucrose
883.2750229999973,0.23805072000000002,Sucrose
885.2035709999973,0.27979411200000004,Sucrose
887.1321189999973,0.342274784,Sucrose
889.0606669999972,0.40640758400000004,Sucrose
890.9892149999972,0.426265408,Sucrose
892.9177629999972,0.37767129600000005,Sucrose
894.8463109999972,0.299278464,Sucrose
896.7748589999972,0.237659472,Sucrose
898.7034069999971,0.202182944,Sucrose
900.6319549999971,0.183711536,Sucrose
902.5605029999971,0.1760932,Sucrose
904.4890509999971,0.17729118400000002,Sucrose
906.417598999997,0.18519688,Sucrose
908.346146999997,0.198162144,Sucrose
910.274694999997,0.215693728,Sucrose
912.203242999997,0.23790708800000002,Sucrose
914.131790999997,0.26465768,Sucrose
916.0603389999969,0.29643104000000003,Sucrose
917.9888869999969,0.334478624,Sucrose
919.9174349999969,0.37975062400000004,Sucrose
921.8459829999969,0.433363616,Sucrose
923.7745309999968,0.498309728,Sucrose
925.7030789999968,0.5774017920000001,Sucrose
927.6316269999968,0.66960768,Sucrose
929.5601749999968,0.757709952,Sucrose
931.4887229999968,0.795286912,Sucrose
933.4172709999967,0.7527879040000001,Sucrose
935.3458189999967,0.6862237440000001,Sucrose
937.2743669999967,0.64424256,Sucrose
939.2029149999967,0.6112740480000001,Sucrose
941.1314629999966,0.580674176,Sucrose
943.0600109999966,0.546985088,Sucrose
944.9885589999966,0.48011840000000006,Sucrose
946.9171069999966,0.38249971200000005,Sucrose
948.8456549999966,0.293235872,Sucrose
950.7742029999965,0.236151568,Sucrose
952.7027509999965,0.209036928,Sucrose
954.6312989999965,0.203564464,Sucrose
956.5598469999965,0.21473291200000003,Sucrose
958.4883949999964,0.24073601600000002,Sucrose
960.4169429999964,0.281307584,Sucrose
962.3454909999964,0.33249340800000005,Sucrose
964.2740389999964,0.37332665600000003,Sucrose
966.2025869999964,0.368525376,Sucrose
968.1311349999963,0.313713856,Sucrose
970.0596829999963,0.24998536000000002,Sucrose
971.9882309999963,0.20825800000000003,Sucrose
973.9167789999963,0.189506736,Sucrose
975.8453269999962,0.184733808,Sucrose
977.7738749999962,0.187644,Sucrose
979.7024229999962,0.19561160000000002,Sucrose
981.6309709999962,0.20770608000000002,Sucrose
983.5595189999962,0.223491408,Sucrose
985.4880669999961,0.24332323200000003,Sucrose
987.4166149999961,0.267960704,Sucrose
989.3451629999961,0.29808928,Sucrose
991.2737109999961,0.334394336,Sucrose
993.202258999996,0.37806617600000003,Sucrose
995.130806999996,0.43013276800000005,Sucrose
997.059354999996,0.49097744000000004,Sucrose
998.987902999996,0.56035904,Sucrose
1000.916450999996,0.6373340160000001,Sucrose
1002.8449989999959,0.718835008,Sucrose
1004.7735469999959,0.800987968,Sucrose
1006.7020949999959,0.8796775680000001,Sucrose
1008.6306429999959,0.950908928,Sucrose
1010.5591909999958,1.0,Sucrose
1012.4877389999958,0.993907712,Sucrose
1014.4162869999958,0.911926656,Sucrose
1016.3448349999958,0.7902342400000001,Sucrose
1018.2733829999958,0.6924148480000001,Sucrose
1020.2019309999957,0.6495333120000001,Sucrose
1022.1304789999957,0.6538904320000001,Sucrose
1024.0590269999957,0.6849059200000001,Sucrose
1025.9875749999956,0.713236288,Sucrose
1027.9161229999957,0.708770368,Sucrose
1029.8446709999957,0.67603488,Sucrose
1031.7732189999956,0.6550307200000001,Sucrose
1033.7017669999955,0.659141568,Sucrose
1035.6303149999956,0.655353472,Sucrose
1037.5588629999957,0.612918272,Sucrose
1039.4874109999955,0.53944,Sucrose
1041.4159589999954,0.46303340800000004,Sucrose
1043.3445069999955,0.412753984,Sucrose
1045.2730549999956,0.40278419200000004,Sucrose
1047.2016029999954,0.42841414400000005,Sucrose
1049.1301509999953,0.476631648,Sucrose
1051.0586989999954,0.5370195200000001,Sucrose
1052.9872469999955,0.605785024,Sucrose
1054.9157949999953,0.6844559360000001,Sucrose
1056.8443429999952,0.771706752,Sucrose
1058.7728909999953,0.8464675840000001,Sucrose
1060.7014389999954,0.877277056,Sucrose
1062.6299869999953,0.873669888,Sucrose
1064.5585349999951,0.86358816,Sucrose
1066.4870829999952,0.8632044160000001,Sucrose
1068.4156309999953,0.87611552,Sucrose
1070.3441789999952,0.8835189760000001,Sucrose
1072.272726999995,0.8789496320000001,Sucrose
1074.2012749999951,0.872797632,Sucrose
1076.1298229999952,0.8615157120000001,Sucrose
1078.058370999995,0.8367936,Sucrose
1079.986918999995,0.8057808000000001,Sucrose
1081.915466999995,0.796290112,Sucrose
1083.8440149999951,0.82422976,Sucrose
1085.772562999995,0.868913856,Sucrose
1087.7011109999949,0.883187904,Sucrose
1089.629658999995,0.834054336,Sucrose
1091.558206999995,0.7381295360000001,Sucrose
1093.486754999995,0.637493952,Sucrose
1095.4153029999948,0.552752832,Sucrose
1097.3438509999949,0.48534467200000003,Sucrose
1099.272398999995,0.433919488,Sucrose
1101.2009469999948,0.39735830400000005,Sucrose
1103.1294949999947,0.37004316800000003,Sucrose
1105.0580429999948,0.34755756800000004,Sucrose
1106.9865909999949,0.32679881600000005,Sucrose
1108.9151389999947,0.30077360000000003,Sucrose
1110.8436869999946,0.267924048,Sucrose
1112.7722349999947,0.23809481600000001,Sucrose
1114.7007829999948,0.22206339200000003,Sucrose
1116.6293309999946,0.22632512000000002,Sucrose
1118.5578789999945,0.24944288,Sucrose
1120.4864269999946,0.285327296,Sucrose
1122.4149749999947,0.329072224,Sucrose
1124.3435229999945,0.37067286400000005,Sucrose
1126.2720709999944,0.391521184,Sucrose
1128.2006189999945,0.379717984,Sucrose
1130.1291669999946,0.35124771200000005,Sucrose
1132.0577149999945,0.339690368,Sucrose
1133.9862629999943,0.35775500800000004,Sucrose
1135.9148109999944,0.38888089600000003,Sucrose
1137.8433589999945,0.40624633600000004,Sucrose
1139.7719069999944,0.399957216,Sucrose
1141.7004549999942,0.385803808,Sucrose
1143.6290029999943,0.383668736,Sucrose
1145.5575509999944,0.393037152,Sucrose
1147.4860989999943,0.401407936,Sucrose
1149.4146469999941,0.401233952,Sucrose
1151.3431949999942,0.38755955200000003,Sucrose
1153.2717429999943,0.360945312,Sucrose
1155.2002909999942,0.333300576,Sucrose
1157.128838999994,0.312562432,Sucrose
1159.0573869999942,0.293532736,Sucrose
1160.9859349999942,0.26477900800000004,Sucrose
1162.914482999994,0.22281673600000002,Sucrose
1164.843030999994,0.17674632,Sucrose
1166.771578999994,0.137570784,Sucrose
1168.7001269999942,0.108899832,Sucrose
1170.628674999994,0.089489072,Sucrose
1172.5572229999939,0.076772096,Sucrose
1174.485770999994,0.06882147200000001,Sucrose
1176.414318999994,0.065320604,Sucrose
1178.342866999994,0.067761496,Sucrose
1180.2714149999938,0.077487952,Sucrose
1182.1999629999939,0.090766944,Sucrose
1184.128510999994,0.09705235200000001,Sucrose
1186.0570589999938,0.091689376,Sucrose
1187.9856069999937,0.084068376,Sucrose
1189.9141549999938,0.084419168,Sucrose
1191.842702999994,0.091088768,Sucrose
1193.7712509999938,0.093749632,Sucrose
1195.6997989999936,0.08510353600000001,Sucrose
1197.6283469999937,0.067520168,Sucrose
1199.5568949999938,0.04871872,Sucrose
1201.4854429999937,0.035090724000000004,Sucrose
1203.4139909999935,0.027628852000000002,Sucrose
1205.3425389999936,0.024207448000000003,Sucrose
1207.2710869999937,0.022928688000000003,Sucrose
1209.1996349999936,0.023058190000000003,Sucrose
1211.1281829999934,0.024174394000000002,Sucrose
1213.0567309999935,0.02606914,Sucrose
1214.9852789999936,0.028892278,Sucrose
1216.9138269999935,0.033207302,Sucrose
1218.8423749999934,0.03942938,Sucrose
1220.7709229999934,0.047938720000000004,Sucrose
1222.6994709999935,0.059041416000000006,Sucrose
1224.6280189999934,0.07338101600000001,Sucrose
1226.5565669999933,0.09253731200000001,Sucrose
1228.4851149999934,0.11515468000000001,Sucrose
1230.4136629999934,0.127569128,Sucrose
1232.3422109999933,0.115516696,Sucrose
1234.2707589999932,0.088545024,Sucrose
1236.1993069999933,0.06621992,Sucrose
1238.1278549999934,0.054678620000000004,Sucrose
1240.0564029999932,0.051234616000000004,Sucrose
1241.984950999993,0.053038884,Sucrose
1243.9134989999932,0.059272148000000004,Sucrose
1245.8420469999933,0.07008415200000001,Sucrose
1247.7705949999931,0.08659524,Sucrose
1249.699142999993,0.109443944,Sucrose
1251.627690999993,0.13598452800000002,Sucrose
1253.5562389999932,0.15810300800000002,Sucrose
1255.484786999993,0.16883536000000002,Sucrose
1257.413334999993,0.170820944,Sucrose
1259.341882999993,0.169624992,Sucrose
1261.270430999993,0.164544032,Sucrose
1263.198978999993,0.153825072,Sucrose
1265.1275269999928,0.13674334400000002,Sucrose
1267.056074999993,0.11316948800000001,Sucrose
1268.984622999993,0.08725888000000001,Sucrose
1270.9131709999929,0.06556136800000001,Sucrose
1272.8417189999927,0.050777836,Sucrose
1274.7702669999928,0.042231568000000004,Sucrose
1276.698814999993,0.038002568,Sucrose
1278.6273629999928,0.036773224,Sucrose
1280.5559109999926,0.037953196,Sucrose
1282.4844589999927,0.041630492000000005,Sucrose
1284.4130069999928,0.047466388000000005,Sucrose
1286.3415549999927,0.054628192000000006,Sucrose
1288.2701029999926,0.062273948,Sucrose
1290.1986509999927,0.070281456,Sucrose
1292.1271989999927,0.07878744,Sucrose
1294.0557469999926,0.08653656800000001,Sucrose
1295.9842949999925,0.09182872,Sucrose
1297.9128429999926,0.09747356,Sucrose
1299.8413909999927,0.10591760800000001,Sucrose
1301.7699389999925,0.11150290400000001,Sucrose
1303.6984869999924,0.107521552,Sucrose
1305.6270349999925,0.09688605600000001,Sucrose
1307.5555829999926,0.084049176,Sucrose
1309.4841309999924,0.07025200000000001,Sucrose
1311.4126789999923,0.057568128,Sucrose
1313.3412269999924,0.04958242,Sucrose
1315.2697749999925,0.047279844,Sucrose
1317.1983229999923,0.0498595,Sucrose
1319.1268709999922,0.056456208,Sucrose
1321.0554189999923,0.066588864,Sucrose
1322.9839669999924,0.07834136800000001,Sucrose
1324.9125149999923,0.08803883200000001,Sucrose
1326.8410629999921,0.09215512000000001,Sucrose
1328.7696109999922,0.09203251200000001,Sucrose
1330.6981589999923,0.09212896000000001,Sucrose
1332.6267069999922,0.095767688,Sucrose
1334.555254999992,0.10373786400000001,Sucrose
1336.4838029999921,0.115934664,Sucrose
1338.4123509999922,0.130662632,Sucrose
1340.340898999992,0.14769968,Sucrose
1342.269446999992,0.167051008,Sucrose
1344.197994999992,0.184244352,Sucrose
1346.1265429999921,0.188541344,Sucrose
1348.055090999992,0.17874494400000002,Sucrose
1349.9836389999919,0.16764912,Sucrose
1351.912186999992,0.16172288,Sucrose
1353.840734999992,0.157668272,Sucrose
1355.769282999992,0.15610024,Sucrose
1357.6978309999918,0.16332126400000002,Sucrose
1359.6263789999919,0.18530348800000002,Sucrose
1361.554926999992,0.22131092800000002,Sucrose
1363.4834749999918,0.25596488,Sucrose
1365.4120229999917,0.26813558400000004,Sucrose
1367.3405709999918,0.26312777600000004,Sucrose
1369.2691189999919,0.252626688,Sucrose
1371.1976669999917,0.23566888000000003,Sucrose
1373.1262149999916,0.20945460800000001,Sucrose
1375.0547629999917,0.18148497600000002,Sucrose
1376.9833109999918,0.160422496,Sucrose
1378.9118589999916,0.150397472,Sucrose
1380.8404069999915,0.151482304,Sucrose
1382.7689549999916,0.161635952,Sucrose
1384.6975029999917,0.178251408,Sucrose
1386.6260509999915,0.19378462400000002,Sucrose
1388.5545989999914,0.19663692800000002,Sucrose
1390.4831469999915,0.18824673600000003,Sucrose
1392.4116949999916,0.18008379200000002,Sucrose
1394.3402429999915,0.17866041600000002,Sucrose
1396.2687909999913,0.176000384,Sucrose
1398.1973389999914,0.16422504000000002,Sucrose
1400.1258869999915,0.147452368,Sucrose
1402.0544349999914,0.135120176,Sucrose
1403.9829829999912,0.134779552,Sucrose
1405.9115309999913,0.142984368,Sucrose
1407.8400789999914,0.14790024000000002,Sucrose
1409.7686269999913,0.142120448,Sucrose
1411.6971749999911,0.12884372800000002,Sucrose
1413.6257229999912,0.115947616,Sucrose
1415.5542709999913,0.105283656,Sucrose
1417.4828189999912,0.096829408,Sucrose
1419.411366999991,0.09132810400000001,Sucrose
1421.3399149999912,0.089866424,Sucrose
1423.2684629999912,0.092709344,Sucrose
1425.197010999991,0.099337384,Sucrose
1427.125558999991,0.111536544,Sucrose
1429.054106999991,0.125331584,Sucrose
1430.9826549999912,0.13294096,Sucrose
1432.911202999991,0.133895176,Sucrose
1434.8397509999909,0.131110144,Sucrose
1436.768298999991,0.12948996000000002,Sucrose
1438.696846999991,0.132333144,Sucrose
1440.625394999991,0.141336544,Sucrose
1442.5539429999908,0.15700028800000002,Sucrose
1444.482490999991,0.16768496000000002,Sucrose
1446.411038999991,0.1733928,Sucrose
1448.3395869999908,0.17642059200000001,Sucrose
1450.2681349999907,0.17755664000000002,Sucrose
1452.1966829999908,0.17671912,Sucrose
1454.125230999991,0.17157672000000002,Sucrose
1456.0537789999908,0.16415331200000002,Sucrose
1457.9823269999906,0.158453216,Sucrose
1459.9108749999907,0.15524636800000002,Sucrose
1461.8394229999908,0.15219585600000002,Sucrose
1463.7679709999907,0.14748835200000002,Sucrose
1465.6965189999905,0.140220128,Sucrose
1467.6250669999906,0.130749744,Sucrose
1469.5536149999907,0.120183936,Sucrose
1471.4821629999906,0.110184928,Sucrose
1473.4107109999904,0.10480641600000001,Sucrose
1475.3392589999905,0.105225024,Sucrose
1477.2678069999906,0.111103376,Sucrose
1479.1963549999905,0.12732923200000001,Sucrose
1481.1249029999904,0.146329856,Sucrose
1483.0534509999904,0.143597296,Sucrose
1484.9819989999905,0.130012976,Sucrose
1486.9105469999904,0.11429004000000001,Sucrose
1488.8390949999903,0.09918028000000001,Sucrose
1490.7676429999904,0.08759555200000001,Sucrose
1492.6961909999904,0.08014207200000001,Sucrose
1494.6247389999903,0.08170408,Sucrose
1496.5532869999902,0.092490072,Sucrose
1498.4818349999903,0.094280312,Sucrose
1500.4103829999904,0.082306048,Sucrose
1502.3389309999902,0.06358227200000001,Sucrose
1504.26747899999,0.045642076000000004,Sucrose
1506.1960269999902,0.03304034,Sucrose
1508.1245749999903,0.024960486,Sucrose
1510.0531229999901,0.019681952000000003,Sucrose
1511.98167099999,0.016210845,Sucrose
1513.91021899999,0.013800045,Sucrose
1515.8387669999902,0.010640644000000001,Sucrose
1517.76731499999,0.008553098,Sucrose
1519.69586299999,0.008539333000000001,Sucrose
1521.62441099999,0.008283195,Sucrose
1523.55295899999,0.0070394820000000006,Sucrose
1525.48150699999,0.005350794000000001,Sucrose
1527.4100549999898,0.003748714,Sucrose
1529.33860299999,0.0066329760000000005,Sucrose
1531.26715099999,0.008548042,Sucrose
1533.1956989999899,0.0064023430000000004,Sucrose
1535.1242469999897,0.005181782,Sucrose
1537.0527949999898,0.004234091000000001,Sucrose
1538.98134299999,0.004221136,Sucrose
1540.9098909999898,0.00437267,Sucrose
1542.8384389999896,0.003424799,Sucrose
1544.7669869999897,0.005041222000000001,Sucrose
1546.6955349999898,0.0043702770000000005,Sucrose
1548.6240829999897,0.0036836340000000003,Sucrose
1550.5526309999896,0.003637645,Sucrose
1552.4811789999897,0.002590545,Sucrose
1554.4097269999897,0.001535766,Sucrose
1556.3382749999896,0.003057906,Sucrose
1558.2668229999895,0.002846892,Sucrose
1560.1953709999896,0.00045478,Sucrose
1562.1239189999897,0.001894945,Sucrose
1564.0524669999895,0.005128433,Sucrose
1565.9810149999894,0.0043515690000000004,Sucrose
1567.9095629999895,0.00382305,Sucrose
1569.8381109999896,0.002546547,Sucrose
1571.7666589999894,0.0017799900000000002,Sucrose
1573.6952069999893,0.002008621,Sucrose
1575.6237549999894,0.00115996,Sucrose
1577.5523029999895,0.00109486,Sucrose
1579.4808509999893,0.0,Sucrose
1581.4093989999892,0.0030190290000000003,Sucrose
1583.3379469999893,0.006047245000000001,Sucrose
1585.2664949999894,0.0030346550000000003,Sucrose
1587.1950429999893,0.001882289,Sucrose
1589.1235909999891,0.0015737230000000002,Sucrose
1591.0521389999892,0.0013549100000000002,Sucrose
1592.9806869999893,0.003069497,Sucrose
1594.9092349999892,0.002399487,Sucrose
1596.837782999989,0.0007269080000000001,Sucrose
1598.7663309999891,0.002308812,Sucrose
1600.6948789999892,0.0036036500000000003,Sucrose
1602.623426999989,0.0022619420000000003,Sucrose
1604.551974999989,0.0017858720000000002,Sucrose
1606.480522999989,0.001761954,Sucrose
1608.4090709999891,0.0018425610000000002,Sucrose
1610.337618999989,0.0018425510000000002,Sucrose
1612.2661669999889,0.0019686440000000003,Sucrose
1614.194714999989,0.002057746,Sucrose
1616.123262999989,0.00218462,Sucrose
1618.051810999989,0.002424056,Sucrose
1619.9803589999888,0.002560974,Sucrose
1621.9089069999889,0.002435408,Sucrose
1623.837454999989,0.002424644,Sucrose
1625.7660029999888,0.002459854,Sucrose
1627.6945509999887,0.0023748330000000002,Sucrose
1629.6230989999888,0.0023666710000000003,Sucrose
1631.5516469999889,0.002581463,Sucrose
1633.4801949999887,0.002498183,Sucrose
1635.4087429999886,0.001994015,Sucrose
1637.3372909999887,0.0011920490000000001,Sucrose
1639.2658389999888,0.0030105880000000002,Sucrose
1641.1943869999886,0.004310328,Sucrose
1643.1229349999885,0.002646652,Sucrose
1645.0514829999886,0.0024225880000000003,Sucrose
1646.9800309999887,0.003714559,Sucrose
1648.9085789999885,0.00333081,Sucrose
1650.8371269999884,0.003539879,Sucrose
1652.7656749999885,0.003659905,Sucrose
1654.6942229999886,0.00252659,Sucrose
1656.6227709999885,0.0018481200000000002,Sucrose
1658.5513189999883,0.0048837460000000004,Sucrose
1660.4798669999884,0.006075259,Sucrose
1662.4084149999885,0.004665327,Sucrose
1664.3369629999884,0.0042062010000000006,Sucrose
1666.2655109999882,0.0034804880000000003,Sucrose
1668.1940589999883,0.003948307,Sucrose
1670.1226069999884,0.007171976,Sucrose
1672.0511549999883,0.0062938970000000006,Sucrose
1673.9797029999884,0.0033656470000000003,Sucrose
1675.9082509999882,0.007855696,Sucrose
1677.836798999988,0.009799806000000001,Sucrose
1679.7653469999882,0.007013947,Sucrose
1681.6938949999883,0.0057682490000000005,Sucrose
1683.6224429999882,0.005435487,Sucrose
1685.550990999988,0.0065369370000000005,Sucrose
1687.479538999988,0.006637898000000001,Sucrose
1689.4080869999882,0.0051268500000000005,Sucrose
1691.336634999988,0.005671235,Sucrose
1693.265182999988,0.007574984000000001,Sucrose
1695.193730999988,0.0066935020000000005,Sucrose
1697.122278999988,0.006143941,Sucrose
1699.050826999988,0.007527467,Sucrose
1700.9793749999878,0.006464287,Sucrose
1702.907922999988,0.005777133,Sucrose
1704.836470999988,0.004986529,Sucrose
1706.765018999988,0.007551101,Sucrose
1708.6935669999878,0.009083976,Sucrose
1710.6221149999878,0.007124991000000001,Sucrose
1712.550662999988,0.006770077,Sucrose
1714.4792109999878,0.006214555,Sucrose
1716.4077589999877,0.004869811,Sucrose
1718.3363069999878,0.006452398000000001,Sucrose
1720.2648549999878,0.007149616,Sucrose
1722.1934029999877,0.006764827,Sucrose
1724.1219509999876,0.009562854,Sucrose
1726.0504989999877,0.007592188000000001,Sucrose
1727.9790469999878,0.007333204,Sucrose
1729.9075949999876,0.007898918000000001,Sucrose
1731.8361429999875,0.007343864,Sucrose
1733.7646909999876,0.006967172000000001,Sucrose
1735.6932389999877,0.006503419000000001,Sucrose
1737.6217869999875,0.006612626000000001,Sucrose
1739.5503349999874,0.008037254,Sucrose
1741.4788829999875,0.01013143,Sucrose
1743.4074309999876,0.008840325000000001,Sucrose
1745.3359789999874,0.00757485,Sucrose
1747.2645269999873,0.007641780000000001,Sucrose
1749.1930749999874,0.007311700000000001,Sucrose
1751.1216229999875,0.007128579,Sucrose
1753.0501709999874,0.007154931000000001,Sucrose
1754.9787189999872,0.006469762,Sucrose
1756.9072669999873,0.009029248,Sucrose
1758.8358149999874,0.009575047000000001,Sucrose
1760.7643629999873,0.007446791,Sucrose
1762.6929109999871,0.008123459000000001,Sucrose
1764.6214589999872,0.008239534,Sucrose
1766.5500069999873,0.00804989,Sucrose
1768.4785549999872,0.007828544,Sucrose
1770.407102999987,0.007890498000000001,Sucrose
1772.3356509999871,0.008616182,Sucrose
1774.2641989999872,0.009719762,Sucrose
1776.192746999987,0.009020151,Sucrose
1778.121294999987,0.007995187,Sucrose
1780.049842999987,0.008706687000000001,Sucrose
1781.9783909999871,0.008379926000000001,Sucrose
1783.906938999987,0.008525717,Sucrose
1785.8354869999869,0.009375731,Sucrose
1787.764034999987,0.008413936,Sucrose
1789.692582999987,0.007974299,Sucrose
1791.621130999987,0.00825005,Sucrose
1793.5496789999868,0.008373252000000001,Sucrose
1795.4782269999869,0.010169909000000001,Sucrose
1797.406774999987,0.009957615000000001,Sucrose
1799.3353229999868,0.008970389,Sucrose
1801.2638709999867,0.008535715000000001,Sucrose
1803.1924189999868,0.008814093,Sucrose
1805.1209669999869,0.008906863000000001,Sucrose
1807.0495149999867,0.008821582,Sucrose
1808.9780629999866,0.009288008,Sucrose
1810.9066109999867,0.008813630000000001,Sucrose
1812.8351589999868,0.008387938000000001,Sucrose
1814.7637069999867,0.009568547,Sucrose
1816.6922549999865,0.010435493,Sucrose
1818.6208029999866,0.009467019,Sucrose
1820.5493509999867,0.008835497000000001,Sucrose
1822.4778989999866,0.008907077000000001,Sucrose
1824.4064469999864,0.009403273,Sucrose
1826.3349949999865,0.009021783,Sucrose
1828.2635429999866,0.008541134,Sucrose
1830.1920909999865,0.008522696,Sucrose
1832.1206389999863,0.008775001000000001,Sucrose
1834.0491869999864,0.009083578,Sucrose
1835.9777349999865,0.00907032,Sucrose
1837.9062829999864,0.008794022,Sucrose
1839.8348309999863,0.009297598,Sucrose
1841.7633789999863,0.009587642,Sucrose
1843.6919269999864,0.009546933,Sucrose
1845.6204749999863,0.009482695000000001,Sucrose
1847.5490229999862,0.010310514,Sucrose
1849.4775709999863,0.010257065000000001,Sucrose
1851.4061189999863,0.009761292000000001,Sucrose
1853.3346669999862,0.010674586000000002,Sucrose
1855.263214999986,0.010386602,Sucrose
1857.1917629999862,0.00972667,Sucrose
1859.1203109999863,0.009771380000000001,Sucrose
1861.0488589999861,0.009857197,Sucrose
1862.977406999986,0.009602945,Sucrose
1864.905954999986,0.008974058,Sucrose
1866.8345029999862,0.010150958,Sucrose
1868.763050999986,0.010788814,Sucrose
1870.691598999986,0.010188099,Sucrose
1872.620146999986,0.010053849,Sucrose
1874.548694999986,0.010007466000000001,Sucrose
1876.477242999986,0.010150724,Sucrose
1878.4057909999858,0.010088874000000001,Sucrose
1880.334338999986,0.010192134,Sucrose
1882.262886999986,0.010553374,Sucrose
1884.1914349999859,0.010573022000000001,Sucrose
1886.1199829999857,0.010300332,Sucrose
1888.0485309999858,0.009880736000000001,Sucrose
1889.977078999986,0.009991771,Sucrose
1891.9056269999858,0.011138458,Sucrose
1893.8341749999856,0.011249641000000001,Sucrose
1895.7627229999857,0.010462565,Sucrose
1897.6912709999858,0.010191936,Sucrose
1899.6198189999857,0.010168107000000001,Sucrose
1901.5483669999855,0.01037216,Sucrose
1903.4769149999856,0.010626515000000001,Sucrose
1905.4054629999857,0.010643033000000001,Sucrose
1907.3340109999856,0.010424957,Sucrose
1909.2625589999855,0.010259026000000001,Sucrose
1911.1911069999855,0.010353318,Sucrose
1913.1196549999856,0.011020452,Sucrose
1915.0482029999855,0.011024448000000001,Sucrose
1916.9767509999854,0.011233154,Sucrose
1918.9052989999855,0.011377715,Sucrose
1920.8338469999856,0.011444476,Sucrose
1922.7623949999854,0.01152564,Sucrose
1924.6909429999853,0.01153228,Sucrose
1926.6194909999854,0.011699504000000001,Sucrose
1928.5480389999855,0.011743065,Sucrose
1930.4765869999853,0.011807746000000001,Sucrose
1932.4051349999852,0.012481379,Sucrose
1934.3336829999853,0.012888269,Sucrose
1936.2622309999854,0.012937568,Sucrose
1938.1907789999852,0.012676817,Sucrose
1940.119326999985,0.013175989,Sucrose
1942.0478749999852,0.013805942000000002,Sucrose
1943.9764229999853,0.013521149000000001,Sucrose
1945.9049709999852,0.013513519000000002,Sucrose
1947.833518999985,0.013423736,Sucrose
1949.762066999985,0.013042137,Sucrose
1951.6906149999852,0.012642125,Sucrose
1953.619162999985,0.012573746,Sucrose
1955.547710999985,0.013064049000000001,Sucrose
1957.476258999985,0.013648218,Sucrose
1959.404806999985,0.013983364000000002,Sucrose
1961.333354999985,0.013581615,Sucrose
1963.2619029999848,0.013302142000000001,Sucrose
1965.190450999985,0.013772897000000001,Sucrose
1967.118998999985,0.013640911,Sucrose
1969.047546999985,0.012985986000000001,Sucrose
1970.9760949999848,0.012650077000000001,Sucrose
1972.9046429999848,0.012352410000000001,Sucrose
1974.833190999985,0.013245727,Sucrose
1976.7617389999848,0.013704424000000002,Sucrose
1978.6902869999847,0.013513071000000001,Sucrose
1980.6188349999848,0.013260179,Sucrose
1982.5473829999848,0.013193621,Sucrose
1984.4759309999847,0.013291263000000001,Sucrose
1986.4044789999846,0.013242990000000001,Sucrose
1988.3330269999847,0.012980526000000001,Sucrose
1990.2615749999848,0.014031697000000001,Sucrose
1992.1901229999846,0.01435923,Sucrose
1994.1186709999845,0.013076013000000001,Sucrose
1996.0472189999846,0.012994511,Sucrose
1997.9757669999847,0.013931523000000001,Sucrose
1999.9043149999845,0.014186719,Sucrose
2001.8328629999844,0.014556499,Sucrose
2003.7614109999845,0.014515202000000001,Sucrose
2005.6899589999846,0.014972735000000001,Sucrose
2007.6185069999844,0.015093523000000001,Sucrose
2009.5470549999843,0.015029897,Sucrose
2011.4756029999844,0.015049758000000002,Sucrose
2013.4041509999845,0.015458814000000001,Sucrose
2015.3326989999844,0.016354883,Sucrose
2017.2612469999842,0.016370036,Sucrose
2019.1897949999843,0.015891304000000002,Sucrose
2021.1183429999844,0.016479677,Sucrose
2023.0468909999843,0.015760891000000003,Sucrose
2024.9754389999841,0.014747865,Sucrose
2026.9039869999842,0.014671997,Sucrose
2028.8325349999843,0.015321841000000001,Sucrose
2030.7610829999842,0.015631270000000003,Sucrose
2032.689630999984,0.015771272,Sucrose
2034.6181789999841,0.015346939,Sucrose
2036.5467269999842,0.01560453,Sucrose
2038.475274999984,0.016457502000000002,Sucrose
2040.403822999984,0.017503074,Sucrose
2042.332370999984,0.017353076000000002,Sucrose
2044.2609189999841,0.017010262,Sucrose
2046.189466999984,0.016382568,Sucrose
2048.1180149999836,0.015935775000000003,Sucrose
2050.046562999984,0.015716564000000002,Sucrose
2051.9751109999843,0.016072165,Sucrose
2053.903658999984,0.016444860000000002,Sucrose
2055.832206999984,0.017262224,Sucrose
2057.760754999984,0.017709892,Sucrose
2059.6893029999837,0.018382064,Sucrose
2061.6178509999836,0.018353628,Sucrose
2063.5463989999835,0.01833892,Sucrose
2065.474946999984,0.018809614000000002,Sucrose
2067.403494999984,0.019324252,Sucrose
2069.332042999984,0.019021996000000003,Sucrose
2071.260590999984,0.019180652000000003,Sucrose
2073.1891389999837,0.018923062,Sucrose
2075.1176869999836,0.01811869,Sucrose
2077.0462349999834,0.017811778,Sucrose
2078.9747829999833,0.018181616,Sucrose
2080.9033309999836,0.018545374,Sucrose
2082.831878999984,0.018720038,Sucrose
2084.760426999984,0.018815486000000003,Sucrose
2086.6889749999837,0.018949736000000002,Sucrose
2088.6175229999835,0.018962888,Sucrose
2090.5460709999834,0.018710482,Sucrose
2092.4746189999832,0.018329552000000002,Sucrose
2094.403166999983,0.018414172,Sucrose
2096.3317149999834,0.018502412000000003,Sucrose
2098.2602629999838,0.018715948,Sucrose
2100.1888109999836,0.01860873,Sucrose
2102.1173589999835,0.018336218,Sucrose
2104.0459069999833,0.01835736,Sucrose
2105.974454999983,0.018528726000000002,Sucrose
2107.903002999983,0.018364734,Sucrose
2109.831550999983,0.018055368000000002,Sucrose
2111.7600989999833,0.017850454,Sucrose
2113.6886469999836,0.017976188,Sucrose
2115.6171949999834,0.018133818,Sucrose
2117.5457429999833,0.01816635,Sucrose
2119.474290999983,0.018346706,Sucrose
2121.402838999983,0.018712282,Sucrose
2123.331386999983,0.01888549,Sucrose
2125.2599349999828,0.019364660000000002,Sucrose
2127.188482999983,0.019709972000000003,Sucrose
2129.1170309999834,0.019536070000000003,Sucrose
2131.0455789999833,0.019553072,Sucrose
2132.974126999983,0.020085542,Sucrose
2134.902674999983,0.020516176,Sucrose
2136.831222999983,0.020812652,Sucrose
2138.7597709999827,0.020827852,Sucrose
2140.6883189999826,0.020681978,Sucrose
2142.616866999983,0.020588454000000003,Sucrose
2144.545414999983,0.020744672000000002,Sucrose
2146.473962999983,0.020648504,Sucrose
2148.402510999983,0.0203956,Sucrose
2150.331058999983,0.020095616,Sucrose
2152.2596069999827,0.020073246000000003,Sucrose
2154.1881549999825,0.020149382,Sucrose
2156.1167029999824,0.020211160000000002,Sucrose
2158.0452509999827,0.020262666000000002,Sucrose
2159.973798999983,0.020250408,Sucrose
2161.902346999983,0.019813544000000002,Sucrose
2163.830894999983,0.019371478,Sucrose
2165.7594429999826,0.01970278,Sucrose
2167.6879909999825,0.020253188000000002,Sucrose
2169.6165389999824,0.020049088,Sucrose
2171.5450869999822,0.020393304,Sucrose
2173.4736349999826,0.020581946,Sucrose
2175.402182999983,0.021086614,Sucrose
2177.3307309999827,0.021766532,Sucrose
2179.2592789999826,0.021492012,Sucrose
2181.1878269999825,0.020793726000000002,Sucrose
2183.1163749999823,0.020648522000000002,Sucrose
2185.044922999982,0.020566202000000002,Sucrose
2186.973470999982,0.020940318000000003,Sucrose
2188.9020189999824,0.021035472000000003,Sucrose
2190.8305669999827,0.021387768,Sucrose
2192.7591149999826,0.021896588,Sucrose
2194.6876629999824,0.021824358000000002,Sucrose
2196.6162109999823,0.021399294000000003,Sucrose
2198.544758999982,0.021190774000000002,Sucrose
2200.473306999982,0.021060144000000003,Sucrose
2202.401854999982,0.021499184,Sucrose
2204.330402999982,0.021602504,Sucrose
2206.2589509999825,0.021900298000000002,Sucrose
2208.1874989999824,0.022303044,Sucrose
2210.1160469999822,0.022551500000000002,Sucrose
2212.044594999982,0.023314324,Sucrose
2213.973142999982,0.023757564000000002,Sucrose
2215.901690999982,0.023374042,Sucrose
2217.8302389999817,0.023341932000000003,Sucrose
2219.758786999982,0.023148592000000003,Sucrose
2221.6873349999823,0.022628378,Sucrose
2223.615882999982,0.022561254000000003,Sucrose
2225.544430999982,0.022917012,Sucrose
2227.472978999982,0.022537468,Sucrose
2229.401526999982,0.021895198,Sucrose
2231.3300749999817,0.021730852000000002,Sucrose
2233.2586229999815,0.022182416,Sucrose
2235.187170999982,0.022622124,Sucrose
2237.115718999982,0.022576122,Sucrose
2239.044266999982,0.02274562,Sucrose
2240.972814999982,0.023350226,Sucrose
2242.9013629999818,0.023582078000000003,Sucrose
2244.8299109999816,0.02341781,Sucrose
2246.7584589999815,0.023188862,Sucrose
2248.6870069999813,0.02329012,Sucrose
2250.6155549999817,0.023306912000000003,Sucrose
2252.544102999982,0.023375742,Sucrose
2254.472650999982,0.023668618000000002,Sucrose
2256.4011989999817,0.023909498,Sucrose
2258.3297469999816,0.024013970000000003,Sucrose
2260.2582949999814,0.024082346,Sucrose
2262.1868429999813,0.023688174000000003,Sucrose
2264.115390999981,0.023774352000000002,Sucrose
2266.0439389999815,0.024162498,Sucrose
2267.972486999982,0.02426085,Sucrose
2269.9010349999817,0.024385220000000003,Sucrose
2271.8295829999815,0.024943544,Sucrose
2273.7581309999814,0.025197178,Sucrose
2275.6866789999813,0.025015266,Sucrose
2277.615226999981,0.025091268,Sucrose
2279.543774999981,0.025179728000000002,Sucrose
2281.4723229999813,0.024945588,Sucrose
2283.4008709999816,0.025073744000000002,Sucrose
2285.3294189999815,0.02518309,Sucrose
2287.2579669999814,0.025153022,Sucrose
2289.1865149999812,0.025284602000000003,Sucrose
2291.115062999981,0.025472984,Sucrose
2293.043610999981,0.025525392,Sucrose
2294.972158999981,0.02546307,Sucrose
2296.900706999981,0.025521890000000002,Sucrose
2298.8292549999815,0.025751328,Sucrose
2300.7578029999813,0.025903752000000002,Sucrose
2302.686350999981,0.026117274000000003,Sucrose
2304.614898999981,0.026239116000000003,Sucrose
2306.543446999981,0.026259154000000003,Sucrose
2308.471994999981,0.026376662000000002,Sucrose
2310.4005429999806,0.026569704000000003,Sucrose
2312.329090999981,0.026678262,Sucrose
2314.2576389999813,0.026623778,Sucrose
2316.186186999981,0.026457824,Sucrose
2318.114734999981,0.026459668000000002,Sucrose
2320.043282999981,0.026742314000000003,Sucrose
2321.9718309999807,0.026993042000000002,Sucrose
2323.9003789999806,0.026942746,Sucrose
2325.8289269999805,0.026918512000000002,Sucrose
2327.757474999981,0.027112168000000002,Sucrose
2329.686022999981,0.027217758,Sucrose
2331.614570999981,0.027263040000000002,Sucrose
2333.543118999981,0.027397438000000003,Sucrose
2335.4716669999807,0.0277418,Sucrose
2337.4002149999806,0.028108784,Sucrose
2339.3287629999804,0.028167414,Sucrose
2341.2573109999803,0.028179572000000003,Sucrose
2343.1858589999806,0.028381384000000003,Sucrose
2345.114406999981,0.028683680000000003,Sucrose
2347.042954999981,0.028537696,Sucrose
2348.9715029999807,0.028159976000000003,Sucrose
2350.9000509999805,0.028335996000000002,Sucrose
2352.8285989999804,0.028959228000000004,Sucrose
2354.7571469999803,0.029582228000000002,Sucrose
2356.68569499998,0.029896014000000002,Sucrose
2358.6142429999804,0.030017242000000003,Sucrose
2360.5427909999808,0.030240404000000002,Sucrose
2362.4713389999806,0.030385048,Sucrose
2364.3998869999805,0.030599484000000003,Sucrose
2366.3284349999803,0.030915348000000002,Sucrose
2368.25698299998,0.031591028,Sucrose
2370.18553099998,0.03125647,Sucrose
2372.11407899998,0.029622312,Sucrose
2374.0426269999803,0.028843704,Sucrose
2375.9711749999806,0.029403724000000003,Sucrose
2377.8997229999804,0.030131732,Sucrose
2379.8282709999803,0.030759938,Sucrose
2381.75681899998,0.031337884,Sucrose
2383.68536699998,0.031723436,Sucrose
2385.61391499998,0.031990592000000005,Sucrose
2387.5424629999798,0.03242172,Sucrose
2389.47101099998,0.032834668000000004,Sucrose
2391.3995589999804,0.033132828,Sucrose
2393.3281069999803,0.033361622,Sucrose
2395.25665499998,0.03366392,Sucrose
2397.18520299998,0.033751404,Sucrose
2399.11375099998,0.033753044,Sucrose
2401.0422989999797,0.0337398,Sucrose
2402.9708469999796,0.033691752000000005,Sucrose
2404.89939499998,0.033582600000000004,Sucrose
2406.82794299998,0.033456758,Sucrose
2408.75649099998,0.033439216,Sucrose
2410.68503899998,0.033545584,Sucrose
2412.61358699998,0.03361326,Sucrose
2414.5421349999797,0.033591260000000005,Sucrose
2416.4706829999795,0.033543844,Sucrose
2418.3992309999794,0.033734728000000005,Sucrose
2420.3277789999797,0.033903264,Sucrose
2422.25632699998,0.033895096,Sucrose
2424.18487499998,0.033890536,Sucrose
2426.11342299998,0.034093064,Sucrose
2428.0419709999796,0.034124640000000005,Sucrose
2429.9705189999795,0.034148204,Sucrose
2431.8990669999794,0.034289896,Sucrose
2433.8276149999792,0.034457488,Sucrose
2435.7561629999796,0.034565412000000004,Sucrose
2437.68471099998,0.03476962,Sucrose
2439.6132589999797,0.035050292000000004,Sucrose
2441.5418069999796,0.03531974,Sucrose
2443.4703549999795,0.035465368000000004,Sucrose
2445.3989029999793,0.035669908,Sucrose
2447.327450999979,0.035895276000000004,Sucrose
2449.255998999979,0.036077412,Sucrose
2451.1845469999794,0.036282220000000004,Sucrose
2453.1130949999797,0.036484464,Sucrose
2455.0416429999796,0.036814948,Sucrose
2456.9701909999794,0.03709226,Sucrose
2458.8987389999793,0.037305244,Sucrose
2460.827286999979,0.037573060000000005,Sucrose
2462.755834999979,0.037859888,Sucrose
2464.684382999979,0.038345448000000004,Sucrose
2466.612930999979,0.038739352000000005,Sucrose
2468.5414789999795,0.038917480000000004,Sucrose
2470.4700269999794,0.039011732,Sucrose
2472.3985749999792,0.039075656,Sucrose
2474.327122999979,0.039321988,Sucrose
2476.255670999979,0.039601908000000005,Sucrose
2478.184218999979,0.039673492000000005,Sucrose
2480.1127669999787,0.039802552000000005,Sucrose
2482.041314999979,0.040096552,Sucrose
2483.9698629999793,0.040370572,Sucrose
2485.898410999979,0.04058676,Sucrose
2487.826958999979,0.040711088,Sucrose
2489.755506999979,0.040796012,Sucrose
2491.684054999979,0.04097962,Sucrose
2493.6126029999787,0.041150272,Sucrose
2495.5411509999785,0.041283036,Sucrose
2497.469698999979,0.041358148000000004,Sucrose
2499.398246999979,0.041376772,Sucrose
2501.326794999979,0.041273608,Sucrose
2503.255342999979,0.041312312000000004,Sucrose
2505.1838909999788,0.041296872000000005,Sucrose
2507.1124389999786,0.041338196,Sucrose
2509.0409869999785,0.041549352000000005,Sucrose
2510.9695349999784,0.0416553,Sucrose
2512.8980829999787,0.04168294,Sucrose
2514.826630999979,0.041951012,Sucrose
2516.755178999979,0.04224884,Sucrose
2518.6837269999787,0.042409984000000005,Sucrose
2520.6122749999786,0.042537852,Sucrose
2522.5408229999784,0.042750436,Sucrose
2524.4693709999783,0.042899872000000006,Sucrose
2526.397918999978,0.042938508,Sucrose
2528.3264669999785,0.042824292,Sucrose
2530.255014999979,0.042644744000000005,Sucrose
2532.1835629999787,0.042417012000000004,Sucrose
2534.1121109999785,0.042432924000000004,Sucrose
2536.0406589999784,0.042583464,Sucrose
2537.9692069999783,0.042623488,Sucrose
2539.897754999978,0.042660484000000005,Sucrose
2541.826302999978,0.04274362,Sucrose
2543.7548509999783,0.042852416000000004,Sucrose
2545.6833989999786,0.043110364000000005,Sucrose
2547.6119469999785,0.043295972,Sucrose
2549.5404949999784,0.043367536000000005,Sucrose
2551.4690429999782,0.04343492,Sucrose
2553.397590999978,0.043517416,Sucrose
2555.326138999978,0.043622624000000006,Sucrose
2557.254686999978,0.043798464,Sucrose
2559.183234999978,0.043968052,Sucrose
2561.1117829999785,0.044259444,Sucrose
2563.0403309999783,0.044723484,Sucrose
2564.968878999978,0.04516564,Sucrose
2566.897426999978,0.045443396000000004,Sucrose
2568.825974999978,0.045813872000000005,Sucrose
2570.754522999978,0.046190044,Sucrose
2572.6830709999776,0.046450888,Sucrose
2574.611618999978,0.04653488,Sucrose
2576.5401669999783,0.046548536,Sucrose
2578.468714999978,0.046541004000000004,Sucrose
2580.397262999978,0.046464500000000006,Sucrose
2582.325810999978,0.046401936000000005,Sucrose
2584.2543589999777,0.046423120000000005,Sucrose
2586.1829069999776,0.046442816000000005,Sucrose
2588.1114549999775,0.046457336,Sucrose
2590.040002999978,0.046474932000000004,Sucrose
2591.968550999978,0.046470536,Sucrose
2593.897098999978,0.046384956000000005,Sucrose
2595.825646999978,0.046549360000000005,Sucrose
2597.7541949999777,0.046875204000000004,Sucrose
2599.6827429999776,0.046959268000000005,Sucrose
2601.6112909999774,0.046885896,Sucrose
2603.5398389999773,0.046855944000000004,Sucrose
2605.4683869999776,0.046768668000000006,Sucrose
2607.396934999978,0.046747056,Sucrose
2609.325482999978,0.046745828,Sucrose
2611.2540309999777,0.046705112,Sucrose
2613.1825789999775,0.04657092,Sucrose
2615.1111269999774,0.046473432,Sucrose
2617.0396749999773,0.046620164000000006,Sucrose
2618.968222999977,0.046869384,Sucrose
2620.8967709999774,0.047089272,Sucrose
2622.8253189999778,0.047373524,Sucrose
2624.7538669999776,0.047706932,Sucrose
2626.6824149999775,0.048058180000000006,Sucrose
2628.6109629999773,0.048493976,Sucrose
2630.539510999977,0.049014332,Sucrose
2632.468058999977,0.049490412000000004,Sucrose
2634.396606999977,0.050045224000000006,Sucrose
2636.3251549999773,0.050591044,Sucrose
2638.2537029999776,0.051074,Sucrose
2640.1822509999774,0.051538932,Sucrose
2642.1107989999773,0.052015460000000006,Sucrose
2644.039346999977,0.052586776,Sucrose
2645.967894999977,0.053174628,Sucrose
2647.896442999977,0.053558376000000005,Sucrose
2649.8249909999768,0.053953516,Sucrose
2651.753538999977,0.054336164000000006,Sucrose
2653.6820869999774,0.054657552000000005,Sucrose
2655.6106349999773,0.054885864000000006,Sucrose
2657.539182999977,0.0551089,Sucrose
2659.467730999977,0.055400092000000005,Sucrose
2661.396278999977,0.055570828,Sucrose
2663.3248269999767,0.05558528,Sucrose
2665.2533749999766,0.055661588000000005,Sucrose
2667.181922999977,0.055682128000000004,Sucrose
2669.110470999977,0.055615880000000006,Sucrose
2671.039018999977,0.055603276,Sucrose
2672.967566999977,0.055692388,Sucrose
2674.896114999977,0.055694392,Sucrose
2676.8246629999767,0.055594344000000004,Sucrose
2678.7532109999765,0.055468908000000004,Sucrose
2680.6817589999764,0.05538884,Sucrose
2682.6103069999767,0.05528812,Sucrose
2684.538854999977,0.055163776000000005,Sucrose
2686.467402999977,0.055171756,Sucrose
2688.395950999977,0.055295028,Sucrose
2690.3244989999766,0.055357556,Sucrose
2692.2530469999765,0.055457216000000004,Sucrose
2694.1815949999764,0.055568004000000004,Sucrose
2696.1101429999762,0.055645892,Sucrose
2698.038690999977,0.055717876000000006,Sucrose
2699.967238999977,0.055842188,Sucrose
2701.8957869999767,0.055950196,Sucrose
2703.8243349999766,0.056131360000000005,Sucrose
2705.7528829999765,0.056407268,Sucrose
2707.6814309999763,0.056714012,Sucrose
2709.609978999976,0.057140624,Sucrose
2711.538526999976,0.057683172000000005,Sucrose
2713.467074999977,0.058195704,Sucrose
2715.3956229999767,0.05871462400000001,Sucrose
2717.3241709999766,0.059225604,Sucrose
2719.2527189999764,0.059777528,Sucrose
2721.1812669999763,0.060345676,Sucrose
2723.109814999976,0.060825380000000005,Sucrose
2725.038362999976,0.061306784,Sucrose
2726.966910999976,0.061814940000000006,Sucrose
2728.8954589999767,0.062282924,Sucrose
2730.8240069999765,0.06270579200000001,Sucrose
2732.7525549999764,0.063153416,Sucrose
2734.6811029999762,0.063698164,Sucrose
2736.609650999976,0.064240648,Sucrose
2738.538198999976,0.064736216,Sucrose
2740.466746999976,0.065212852,Sucrose
2742.3952949999757,0.06563919600000001,Sucrose
2744.3238429999765,0.066037208,Sucrose
2746.2523909999763,0.066310904,Sucrose
2748.180938999976,0.06622456,Sucrose
2750.109486999976,0.065739476,Sucrose
2752.038034999976,0.064991608,Sucrose
2753.966582999976,0.064141116,Sucrose
2755.8951309999757,0.06324096800000001,Sucrose
2757.8236789999755,0.062411064,Sucrose
2759.7522269999763,0.061723552,Sucrose
2761.680774999976,0.061212724,Sucrose
2763.609322999976,0.06087659200000001,Sucrose
2765.537870999976,0.060701512000000006,Sucrose
2767.4664189999758,0.060667436000000005,Sucrose
2769.3949669999756,0.060713956000000006,Sucrose
2771.3235149999755,0.060811800000000006,Sucrose
2773.2520629999754,0.061042200000000005,Sucrose
2775.180610999976,0.061413708000000004,Sucrose
2777.109158999976,0.061931464000000006,Sucrose
2779.037706999976,0.062456832000000004,Sucrose
2780.9662549999757,0.06294487600000001,Sucrose
2782.8948029999756,0.06340094,Sucrose
2784.8233509999754,0.06377186800000001,Sucrose
2786.7518989999753,0.064085312,Sucrose
2788.680446999975,0.064466624,Sucrose
2790.608994999976,0.064786076,Sucrose
2792.537542999976,0.06515220000000001,Sucrose
2794.4660909999757,0.065600856,Sucrose
2796.3946389999755,0.066044688,Sucrose
2798.3231869999754,0.06659775200000001,Sucrose
2800.2517349999753,0.06715896,Sucrose
2802.180282999975,0.06759936000000001,Sucrose
2804.108830999975,0.068026264,Sucrose
2806.0373789999758,0.06850977600000001,Sucrose
2807.9659269999756,0.06894256,Sucrose
2809.8944749999755,0.069369344,Sucrose
2811.8230229999754,0.06991004,Sucrose
2813.7515709999752,0.07048228000000001,Sucrose
2815.680118999975,0.071047016,Sucrose
2817.608666999975,0.071554664,Sucrose
2819.537214999975,0.072044696,Sucrose
2821.4657629999756,0.072487016,Sucrose
2823.3943109999755,0.072966744,Sucrose
2825.3228589999753,0.073451656,Sucrose
2827.251406999975,0.07399462400000001,Sucrose
2829.179954999975,0.07451692,Sucrose
2831.108502999975,0.075020584,Sucrose
2833.037050999975,0.07555405600000001,Sucrose
2834.9655989999746,0.076108864,Sucrose
2836.8941469999754,0.076744376,Sucrose
2838.8226949999753,0.077493464,Sucrose
2840.751242999975,0.078313216,Sucrose
2842.679790999975,0.079183024,Sucrose
2844.608338999975,0.08006394400000001,Sucrose
2846.5368869999747,0.08088648000000001,Sucrose
2848.4654349999746,0.081555848,Sucrose
2850.3939829999745,0.081989512,Sucrose
2852.3225309999752,0.08222715200000001,Sucrose
2854.251078999975,0.082432488,Sucrose
2856.179626999975,0.082591992,Sucrose
2858.108174999975,0.082652024,Sucrose
2860.0367229999747,0.08268516000000001,Sucrose
2861.9652709999746,0.082667368,Sucrose
2863.8938189999744,0.082606592,Sucrose
2865.8223669999743,0.08256932,Sucrose
2867.750914999975,0.082480736,Sucrose
2869.679462999975,0.082491248,Sucrose
2871.608010999975,0.08276484,Sucrose
2873.5365589999747,0.08330707200000001,Sucrose
2875.4651069999745,0.08408694400000001,Sucrose
2877.3936549999744,0.08507474400000001,Sucrose
2879.3222029999743,0.086158384,Sucrose
2881.250750999974,0.08736932,Sucrose
2883.179298999975,0.08884850400000001,Sucrose
2885.1078469999748,0.090449232,Sucrose
2887.0363949999746,0.09215044800000001,Sucrose
2888.9649429999745,0.09406634400000001,Sucrose
2890.8934909999743,0.096069,Sucrose
2892.822038999974,0.098041312,Sucrose
2894.750586999974,0.099903768,Sucrose
2896.679134999974,0.101645632,Sucrose
2898.6076829999747,0.103218048,Sucrose
2900.5362309999746,0.10472223200000001,Sucrose
2902.4647789999744,0.10635664800000001,Sucrose
2904.3933269999743,0.108152488,Sucrose
2906.321874999974,0.11016790400000001,Sucrose
2908.250422999974,0.11258232000000001,Sucrose
2910.178970999974,0.115459008,Sucrose
2912.1075189999738,0.118735848,Sucrose
2914.0360669999745,0.12237424000000001,Sucrose
2915.9646149999744,0.125699312,Sucrose
2917.8931629999743,0.12764308000000002,Sucrose
2919.821710999974,0.127505016,Sucrose
2921.750258999974,0.125526768,Sucrose
2923.678806999974,0.122959064,Sucrose
2925.6073549999737,0.121052424,Sucrose
2927.5359029999736,0.120819376,Sucrose
2929.4644509999744,0.123374728,Sucrose
2931.392998999974,0.12964484,Sucrose
2933.321546999974,0.13825420800000002,Sucrose
2935.250094999974,0.14397051200000002,Sucrose
2937.178642999974,0.141483664,Sucrose
2939.1071909999737,0.132098808,Sucrose
2941.0357389999735,0.122051712,Sucrose
2942.9642869999734,0.11548188000000001,Sucrose
2944.892834999974,0.11322174400000001,Sucrose
2946.821382999974,0.114894176,Sucrose
2948.749930999974,0.12001782400000001,Sucrose
2950.678478999974,0.12794001600000002,Sucrose
2952.6070269999736,0.137039408,Sucrose
2954.5355749999735,0.144304656,Sucrose
2956.4641229999734,0.147814192,Sucrose
2958.3926709999732,0.149719648,Sucrose
2960.321218999974,0.152829936,Sucrose
2962.249766999974,0.157098016,Sucrose
2964.1783149999737,0.15955417600000002,Sucrose
2966.1068629999736,0.155434656,Sucrose
2968.0354109999735,0.142481232,Sucrose
2969.9639589999733,0.12493783200000001,Sucrose
2971.892506999973,0.109253032,Sucrose
2973.821054999973,0.09843054400000001,Sucrose
2975.749602999974,0.09223189600000001,Sucrose
2977.6781509999737,0.089340792,Sucrose
2979.6066989999736,0.088033944,Sucrose
2981.5352469999734,0.08687004000000001,Sucrose
2983.4637949999733,0.085236264,Sucrose
2985.392342999973,0.08364800800000001,Sucrose
2987.320890999973,0.08325988000000001,Sucrose
2989.249438999973,0.08553706400000001,Sucrose
2991.1779869999737,0.09154452,Sucrose
2993.1065349999735,0.09739718400000001,Sucrose
2995.0350829999734,0.09568604800000001,Sucrose
2996.9636309999732,0.08761368800000001,Sucrose
2998.892178999973,0.081005136,Sucrose
3000.820726999973,0.079006992,Sucrose
3002.749274999973,0.08039515200000001,Sucrose
3004.6778229999727,0.08270203200000001,Sucrose
3006.6063709999735,0.083473848,Sucrose
3008.5349189999733,0.08220124000000001,Sucrose
3010.463466999973,0.080897192,Sucrose
3012.392014999973,0.081820552,Sucrose
3014.320562999973,0.08535901600000001,Sucrose
3016.249110999973,0.0886488,Sucrose
3018.1776589999727,0.087820016,Sucrose
3020.1062069999725,0.083165112,Sucrose
3022.0347549999733,0.078017128,Sucrose
3023.963302999973,0.074237672,Sucrose
3025.891850999973,0.07207978400000001,Sucrose
3027.820398999973,0.071384424,Sucrose
3029.7489469999728,0.07178512000000001,Sucrose
3031.6774949999726,0.073192064,Sucrose
3033.6060429999725,0.075369608,Sucrose
3035.5345909999724,0.07722148000000001,Sucrose
3037.463138999973,0.07788232,Sucrose
3039.391686999973,0.077511352,Sucrose
3041.320234999973,0.076762072,Sucrose
3043.2487829999727,0.07610460000000001,Sucrose
3045.1773309999726,0.075626728,Sucrose
3047.1058789999724,0.075519632,Sucrose
3049.0344269999723,0.07575956,Sucrose
3050.962974999972,0.07606117600000001,Sucrose
3052.891522999973,0.076382904,Sucrose
3054.820070999973,0.07685124800000001,Sucrose
3056.7486189999727,0.077342248,Sucrose
3058.6771669999725,0.077921584,Sucrose
3060.6057149999724,0.078584424,Sucrose
3062.5342629999723,0.07928328800000001,Sucrose
3064.462810999972,0.079980416,Sucrose
3066.391358999972,0.08066632800000001,Sucrose
3068.3199069999728,0.08136067200000001,Sucrose
3070.2484549999726,0.08208216,Sucrose
3072.1770029999725,0.08286460000000001,Sucrose
3074.1055509999724,0.08365061600000001,Sucrose
3076.0340989999722,0.084419016,Sucrose
3077.962646999972,0.08525379200000001,Sucrose
3079.891194999972,0.086179672,Sucrose
3081.819742999972,0.087066424,Sucrose
3083.7482909999726,0.08785793600000001,Sucrose
3085.6768389999725,0.088752232,Sucrose
3087.6053869999723,0.089790328,Sucrose
3089.533934999972,0.09087473600000001,Sucrose
3091.462482999972,0.091947656,Sucrose
3093.391030999972,0.09298136800000001,Sucrose
3095.319578999972,0.094074168,Sucrose
3097.2481269999716,0.09525128000000001,Sucrose
3099.1766749999724,0.096307032,Sucrose
3101.1052229999723,0.09739400000000001,Sucrose
3103.033770999972,0.098611392,Sucrose
3104.962318999972,0.099871624,Sucrose
3106.890866999972,0.10109492,Sucrose
3108.8194149999717,0.10233658400000001,Sucrose
3110.7479629999716,0.103623584,Sucrose
3112.6765109999715,0.104922656,Sucrose
3114.6050589999722,0.10636336,Sucrose
3116.533606999972,0.10787115200000001,Sucrose
3118.462154999972,0.10931929600000001,Sucrose
3120.390702999972,0.11075008,Sucrose
3122.3192509999717,0.112146144,Sucrose
3124.2477989999716,0.11363638400000001,Sucrose
3126.1763469999714,0.11527013600000001,Sucrose
3128.1048949999713,0.11687388000000001,Sucrose
3130.033442999972,0.11845715200000001,Sucrose
3131.961990999972,0.12002245600000001,Sucrose
3133.890538999972,0.12173525600000001,Sucrose
3135.8190869999717,0.123469456,Sucrose
3137.7476349999715,0.125152456,Sucrose
3139.6761829999714,0.126897376,Sucrose
3141.6047309999713,0.128716944,Sucrose
3143.533278999971,0.13062552800000002,Sucrose
3145.461826999972,0.132598504,Sucrose
3147.3903749999718,0.134569392,Sucrose
3149.3189229999716,0.136521776,Sucrose
3151.2474709999715,0.1385336,Sucrose
3153.1760189999713,0.140622624,Sucrose
3155.104566999971,0.14276856000000002,Sucrose
3157.033114999971,0.144975872,Sucrose
3158.961662999971,0.147185344,Sucrose
3160.8902109999717,0.149427936,Sucrose
3162.8187589999716,0.15181632,Sucrose
3164.7473069999714,0.154322752,Sucrose
3166.6758549999713,0.156813536,Sucrose
3168.604402999971,0.15932568,Sucrose
3170.532950999971,0.16205608000000002,Sucrose
3172.461498999971,0.164796032,Sucrose
3174.3900469999708,0.16738587200000002,Sucrose
3176.3185949999715,0.170086272,Sucrose
3178.2471429999714,0.17293902400000002,Sucrose
3180.1756909999713,0.17584100800000002,Sucrose
3182.104238999971,0.178740896,Sucrose
3184.032786999971,0.181730144,Sucrose
3185.961334999971,0.184946352,Sucrose
3187.8898829999707,0.18815625600000002,Sucrose
3189.8184309999706,0.191498096,Sucrose
3191.7469789999714,0.19487776,Sucrose
3193.675526999971,0.19818859200000002,Sucrose
3195.604074999971,0.201571984,Sucrose
3197.532622999971,0.20500704,Sucrose
3199.461170999971,0.208556192,Sucrose
3201.3897189999707,0.21219937600000002,Sucrose
3203.3182669999705,0.21601040000000002,Sucrose
3205.2468149999704,0.21991806400000002,Sucrose
3207.175362999971,0.22385011200000002,Sucrose
3209.103910999971,0.227938672,Sucrose
3211.032458999971,0.23207622400000003,Sucrose
3212.961006999971,0.236185536,Sucrose
3214.8895549999706,0.24037534400000002,Sucrose
3216.8181029999705,0.24469484800000002,Sucrose
3218.7466509999704,0.24905758400000003,Sucrose
3220.6751989999702,0.25339824,Sucrose
3222.603746999971,0.257886944,Sucrose
3224.532294999971,0.26235288,Sucrose
3226.4608429999707,0.26685488,Sucrose
3228.3893909999706,0.271571968,Sucrose
3230.3179389999705,0.276200608,Sucrose
3232.2464869999703,0.28038688,Sucrose
3234.17503499997,0.28463782400000004,Sucrose
3236.10358299997,0.28892025600000004,Sucrose
3238.032130999971,0.293086656,Sucrose
3239.9606789999707,0.29698377600000003,Sucrose
3241.8892269999706,0.300660448,Sucrose
3243.8177749999704,0.304053088,Sucrose
3245.7463229999703,0.30724374400000004,Sucrose
3247.67487099997,0.310325856,Sucrose
3249.60341899997,0.313246688,Sucrose
3251.53196699997,0.315716736,Sucrose
3253.4605149999707,0.317876736,Sucrose
3255.3890629999705,0.31983436800000004,Sucrose
3257.3176109999704,0.32163840000000005,Sucrose
3259.2461589999702,0.32322608,Sucrose
3261.17470699997,0.32456956800000003,Sucrose
3263.10325499997,0.325944736,Sucrose
3265.03180299997,0.32751376000000004,Sucrose
3266.9603509999697,0.328849088,Sucrose
3268.8888989999705,0.329853504,Sucrose
3270.8174469999703,0.330951488,Sucrose
3272.74599499997,0.332259424,Sucrose
3274.67454299997,0.33356483200000003,Sucrose
3276.60309099997,0.33487744,Sucrose
3278.53163899997,0.33612851200000005,Sucrose
3280.4601869999697,0.33741929600000004,Sucrose
3282.3887349999695,0.33884060800000004,Sucrose
3284.3172829999703,0.34041740800000003,Sucrose
3286.24583099997,0.341903136,Sucrose
3288.17437899997,0.343382432,Sucrose
3290.10292699997,0.34501673600000005,Sucrose
3292.0314749999698,0.346879808,Sucrose
3293.9600229999696,0.34873948800000004,Sucrose
3295.8885709999695,0.35073808,Sucrose
3297.8171189999694,0.35271926400000003,Sucrose
3299.74566699997,0.35461344,Sucrose
3301.67421499997,0.35646457600000003,Sucrose
3303.60276299997,0.358447552,Sucrose
3305.5313109999697,0.36036710400000005,Sucrose
3307.4598589999696,0.36233052800000004,Sucrose
3309.3884069999694,0.364393984,Sucrose
3311.3169549999693,0.36620524800000004,Sucrose
3313.245502999969,0.367748096,Sucrose
3315.17405099997,0.36919715200000003,Sucrose
3317.10259899997,0.370750432,Sucrose
3319.0311469999697,0.372125056,Sucrose
3320.9596949999695,0.373161952,Sucrose
3322.8882429999694,0.374223456,Sucrose
3324.8167909999693,0.375200256,Sucrose
3326.745338999969,0.37614156800000004,Sucrose
3328.673886999969,0.37686896000000003,Sucrose
3330.60243499997,0.37735555200000004,Sucrose
3332.5309829999696,0.377811968,Sucrose
3334.4595309999695,0.37830419200000004,Sucrose
3336.3880789999694,0.378508928,Sucrose
3338.3166269999692,0.37858928000000003,Sucrose
3340.245174999969,0.37847632000000003,Sucrose
3342.173722999969,0.37818764800000004,Sucrose
3344.102270999969,0.377562208,Sucrose
3346.0308189999696,0.376571488,Sucrose
3347.9593669999695,0.37535724800000003,Sucrose
3349.8879149999693,0.373954624,Sucrose
3351.816462999969,0.37213238400000004,Sucrose
3353.745010999969,0.36989792000000005,Sucrose
3355.673558999969,0.36709270400000005,Sucrose
3357.602106999969,0.36377984,Sucrose
3359.5306549999686,0.36003302400000003,Sucrose
3361.4592029999694,0.356106592,Sucrose
3363.3877509999693,0.351893216,Sucrose
3365.316298999969,0.34752422400000005,Sucrose
3367.244846999969,0.343262848,Sucrose
3369.173394999969,0.33928704000000004,Sucrose
3371.1019429999687,0.335474944,Sucrose
3373.0304909999686,0.332018816,Sucrose
3374.9590389999685,0.32913664000000004,Sucrose
3376.8875869999692,0.32694368,Sucrose
3378.816134999969,0.325263328,Sucrose
3380.744682999969,0.32438774400000003,Sucrose
3382.673230999969,0.324193408,Sucrose
3384.6017789999687,0.32479152,Sucrose
3386.5303269999686,0.32621033600000005,Sucrose
3388.4588749999684,0.32842771200000004,Sucrose
3390.3874229999683,0.33131443200000005,Sucrose
3392.315970999969,0.33493552000000004,Sucrose
3394.244518999969,0.33898265600000005,Sucrose
3396.173066999969,0.343127008,Sucrose
3398.1016149999687,0.346794944,Sucrose
3400.0301629999685,0.349647296,Sucrose
3401.9587109999684,0.35130246400000004,Sucrose
3403.8872589999683,0.351554688,Sucrose
3405.815806999968,0.34971196800000004,Sucrose
3407.744354999969,0.345689856,Sucrose
3409.6729029999688,0.33991171200000003,Sucrose
3411.6014509999686,0.33274432000000004,Sucrose
3413.5299989999685,0.324680576,Sucrose
3415.4585469999683,0.316664096,Sucrose
3417.387094999968,0.309305216,Sucrose
3419.315642999968,0.302514752,Sucrose
3421.244190999968,0.296386688,Sucrose
3423.1727389999687,0.291158752,Sucrose
3425.1012869999686,0.286621344,Sucrose
3427.0298349999684,0.28256124800000004,Sucrose
3428.9583829999683,0.27850460800000004,Sucrose
3430.886930999968,0.274428288,Sucrose
3432.815478999968,0.27031836800000003,Sucrose
3434.744026999968,0.266194672,Sucrose
3436.6725749999678,0.26180284800000003,Sucrose
3438.6011229999685,0.25706464,Sucrose
3440.5296709999684,0.25176411200000004,Sucrose
3442.4582189999683,0.24617190400000002,Sucrose
3444.386766999968,0.24039854400000002,Sucrose
3446.315314999968,0.234319344,Sucrose
3448.243862999968,0.227902128,Sucrose
3450.1724109999677,0.221540816,Sucrose
3452.1009589999676,0.21526529600000002,Sucrose
3454.0295069999684,0.209262096,Sucrose
3455.958054999968,0.20344944,Sucrose
3457.886602999968,0.197852,Sucrose
3459.815150999968,0.19262016,Sucrose
3461.743698999968,0.18770260800000002,Sucrose
3463.6722469999677,0.18303913600000002,Sucrose
3465.6007949999675,0.17907648,Sucrose
3467.5293429999674,0.17543648,Sucrose
3469.457890999968,0.172080432,Sucrose
3471.386438999968,0.168902256,Sucrose
3473.314986999968,0.165788496,Sucrose
3475.243534999968,0.163001744,Sucrose
3477.1720829999676,0.16043976000000001,Sucrose
3479.1006309999675,0.15802088,Sucrose
3481.0291789999674,0.1557308,Sucrose
3482.9577269999672,0.153477568,Sucrose
3484.886274999968,0.151297296,Sucrose
3486.814822999968,0.149108656,Sucrose
3488.7433709999677,0.14704841600000002,Sucrose
3490.6719189999676,0.144942544,Sucrose
3492.6004669999675,0.14256784,Sucrose
3494.5290149999673,0.14025310400000002,Sucrose
3496.457562999967,0.13819425600000002,Sucrose
3498.386110999967,0.136119968,Sucrose
3500.314658999968,0.133852216,Sucrose
3502.2432069999677,0.131504072,Sucrose
3504.1717549999676,0.12935818400000001,Sucrose
3506.1003029999674,0.127066448,Sucrose
3508.0288509999673,0.124461288,Sucrose
3509.957398999967,0.12191280800000001,Sucrose
3511.885946999967,0.11941681600000001,Sucrose
3513.814494999967,0.11692150400000001,Sucrose
3515.7430429999677,0.114450088,Sucrose
3517.6715909999675,0.11219646400000001,Sucrose
3519.6001389999674,0.110197552,Sucrose
3521.5286869999672,0.10803771200000001,Sucrose
3523.457234999967,0.10579868,Sucrose
3525.385782999967,0.10390260000000001,Sucrose
3527.314330999967,0.10211333600000001,Sucrose
3529.2428789999667,0.099900864,Sucrose
3531.1714269999675,0.097957496,Sucrose
3533.0999749999673,0.096296168,Sucrose
3535.028522999967,0.094385304,Sucrose
3536.957070999967,0.092461808,Sucrose
3538.885618999967,0.09071417600000001,Sucrose
3540.814166999967,0.08914352,Sucrose
3542.7427149999667,0.087591448,Sucrose
3544.6712629999665,0.086198576,Sucrose
3546.5998109999673,0.085257184,Sucrose
3548.528358999967,0.08418020000000001,Sucrose
3550.456906999967,0.083501288,Sucrose
3552.385454999967,0.08307115200000001,Sucrose
3554.3140029999668,0.08228888000000001,Sucrose
3556.2425509999666,0.081573488,Sucrose
3558.1710989999665,0.081747096,Sucrose
3560.0996469999664,0.08255760000000001,Sucrose
3562.028194999967,0.08338219200000001,Sucrose
3563.956742999967,0.084719024,Sucrose
3565.885290999967,0.08716516,Sucrose
3567.8138389999667,0.091329344,Sucrose
3569.7423869999666,0.09703948800000001,Sucrose
3571.6709349999664,0.10298375200000001,Sucrose
3573.5994829999663,0.11011227200000001,Sucrose
3575.528030999966,0.11891045600000001,Sucrose
3577.456578999967,0.12713008,Sucrose
3579.385126999967,0.133951824,Sucrose
3581.3136749999667,0.138243616,Sucrose
3583.2422229999665,0.137725184,Sucrose
3585.1707709999664,0.13136868000000002,Sucrose
3587.0993189999663,0.12038588800000001,Sucrose
3589.027866999966,0.10723776800000001,Sucrose
3590.956414999966,0.09426181600000001,Sucrose
3592.884962999967,0.082948328,Sucrose
3594.8135109999666,0.07398852,Sucrose
3596.7420589999665,0.067564912,Sucrose
3598.6706069999664,0.06281990400000001,Sucrose
3600.5991549999662,0.05906506,Sucrose
3602.527702999966,0.056128188,Sucrose
3604.456250999966,0.053657088000000006,Sucrose
3606.384798999966,0.051200436,Sucrose
3608.3133469999666,0.050005524,Sucrose
3610.2418949999665,0.051114912000000005,Sucrose
3612.1704429999663,0.05070833600000001,Sucrose
3614.098990999966,0.048588204,Sucrose
3616.027538999966,0.047938220000000004,Sucrose
3617.956086999966,0.048109788,Sucrose
3619.884634999966,0.047628304,Sucrose
3621.8131829999656,0.047195148000000006,Sucrose
3623.7417309999664,0.047185948000000005,Sucrose
3625.6702789999663,0.046342792,Sucrose
3627.598826999966,0.044946384000000006,Sucrose
3629.527374999966,0.044735976000000004,Sucrose
3631.455922999966,0.0455723,Sucrose
3633.3844709999657,0.044935032,Sucrose
3635.3130189999656,0.044480716000000003,Sucrose
3637.2415669999655,0.044177320000000006,Sucrose
3639.1701149999662,0.043116696,Sucrose
3641.098662999966,0.044131248000000005,Sucrose
3643.027210999966,0.045369512,Sucrose
3644.955758999966,0.043888896000000004,Sucrose
3646.8843069999657,0.041839168,Sucrose
3648.8128549999656,0.040348008000000005,Sucrose
3650.7414029999654,0.042812128000000005,Sucrose
3652.6699509999653,0.046174812,Sucrose
3654.598498999966,0.044023348000000004,Sucrose
3656.527046999966,0.043054996000000005,Sucrose
3658.455594999966,0.042742732000000005,Sucrose
3660.3841429999657,0.042139368,Sucrose
3662.3126909999655,0.04186472,Sucrose
3664.2412389999654,0.041557172,Sucrose
3666.1697869999653,0.040584608,Sucrose
3668.098334999965,0.039249136000000004,Sucrose
3670.026882999966,0.040881632,Sucrose
3671.9554309999658,0.044642088,Sucrose
3673.8839789999656,0.04547616,Sucrose
3675.8125269999655,0.042184896,Sucrose
3677.7410749999653,0.040920064000000006,Sucrose
3679.669622999965,0.042515192,Sucrose
3681.598170999965,0.041793812,Sucrose
3683.526718999965,0.040933920000000006,Sucrose
3685.4552669999657,0.040664636000000004,Sucrose
3687.3838149999656,0.040086880000000005,Sucrose
3689.3123629999654,0.038907348,Sucrose
3691.2409109999653,0.039622372,Sucrose
3693.169458999965,0.04236852,Sucrose
3695.098006999965,0.04048982,Sucrose
3697.026554999965,0.040475648,Sucrose
3698.9551029999648,0.044862328,Sucrose
3700.8836509999655,0.043428180000000004,Sucrose
3702.8121989999654,0.042032556000000006,Sucrose
3704.7407469999653,0.04106112,Sucrose
3706.669294999965,0.040025112,Sucrose
3708.597842999965,0.038766664,Sucrose
3710.526390999965,0.040334316,Sucrose
3712.4549389999647,0.043320168000000006,Sucrose
3714.3834869999646,0.043437964,Sucrose
3716.3120349999654,0.042077504,Sucrose
3718.240582999965,0.041114076,Sucrose
3720.169130999965,0.040753768,Sucrose
3722.097678999965,0.040337568000000004,Sucrose
3724.026226999965,0.041660124,Sucrose
3725.9547749999647,0.042261392,Sucrose
3727.8833229999645,0.040838416,Sucrose
3729.8118709999644,0.03973494,Sucrose
3731.740418999965,0.040292804,Sucrose
3733.668966999965,0.042869404,Sucrose
3735.597514999965,0.044394032,Sucrose
3737.526062999965,0.042659724,Sucrose
3739.4546109999646,0.04095514,Sucrose
3741.3831589999645,0.040811696,Sucrose
3743.3117069999644,0.041069644,Sucrose
3745.2402549999642,0.041973704,Sucrose
3747.168802999965,0.042492132,Sucrose
3749.097350999965,0.042999292,Sucrose
3751.0258989999647,0.04188068,Sucrose
3752.9544469999646,0.04001678,Sucrose
3754.8829949999645,0.040767624,Sucrose
3756.8115429999643,0.042550248000000006,Sucrose
3758.740090999964,0.045176456000000004,Sucrose
3760.668638999964,0.044535532,Sucrose
3762.597186999965,0.041879596000000005,Sucrose
3764.5257349999647,0.039632704000000005,Sucrose
3766.4542829999646,0.042278496000000006,Sucrose
3768.3828309999644,0.045030792,Sucrose
3770.3113789999643,0.041893168,Sucrose
3772.239926999964,0.042999408,Sucrose
3774.168474999964,0.045895464000000004,Sucrose
3776.097022999964,0.04543212,Sucrose
3778.0255709999647,0.04297384,Sucrose
3779.9541189999645,0.042501956,Sucrose
3781.8826669999644,0.043558200000000005,Sucrose
3783.8112149999642,0.043674960000000006,Sucrose
3785.739762999964,0.042098908000000004,Sucrose
3787.668310999964,0.042324164000000004,Sucrose
3789.596858999964,0.042407964,Sucrose
3791.5254069999637,0.042672164000000005,Sucrose
3793.4539549999645,0.044081732000000005,Sucrose
3795.3825029999643,0.04330408,Sucrose
3797.311050999964,0.042233692,Sucrose
3799.239598999964,0.041744148,Sucrose
3801.168146999964,0.042690448000000006,Sucrose
3803.096694999964,0.043992836,Sucrose
3805.0252429999637,0.043124092,Sucrose
3806.9537909999635,0.043079864,Sucrose
3808.8823389999643,0.043378668,Sucrose
3810.810886999964,0.043032404,Sucrose
3812.739434999964,0.042785460000000004,Sucrose
3814.667982999964,0.042505092,Sucrose
3816.5965309999638,0.041916084,Sucrose
3818.5250789999636,0.042647992,Sucrose
3820.4536269999635,0.042618276000000004,Sucrose
3822.3821749999634,0.041973064000000004,Sucrose
3824.310722999964,0.045146004,Sucrose
3826.239270999964,0.044538924,Sucrose
3828.167818999964,0.042873152000000005,Sucrose
3830.0963669999637,0.0451796,Sucrose
3832.0249149999636,0.044600144,Sucrose
3833.9534629999634,0.042736140000000006,Sucrose
3835.8820109999633,0.04142336,Sucrose
3837.810558999963,0.042828328000000006,Sucrose
3839.739106999964,0.044413784000000005,Sucrose
3841.667654999964,0.042726212,Sucrose
3843.5962029999637,0.045528816,Sucrose
3845.5247509999635,0.046563232,Sucrose
3847.4532989999634,0.044198564,Sucrose
3849.3818469999633,0.0442115,Sucrose
3851.310394999963,0.043639832,Sucrose
3853.238942999963,0.043123888000000006,Sucrose
3855.167490999964,0.04361872,Sucrose
3857.0960389999636,0.043183656,Sucrose
3859.0245869999635,0.043660144000000005,Sucrose
3860.9531349999634,0.045833088,Sucrose
3862.8816829999632,0.046402608000000005,Sucrose
3864.810230999963,0.04572122,Sucrose
3866.738778999963,0.045602668000000006,Sucrose
3868.667326999963,0.04476974,Sucrose
3870.5958749999636,0.04307074,Sucrose
3872.5244229999635,0.041292524000000004,Sucrose
3874.4529709999633,0.042305792,Sucrose
3876.381518999963,0.0490152,Sucrose
3878.310066999963,0.049207812000000004,Sucrose
3880.238614999963,0.046343536000000005,Sucrose
3882.167162999963,0.044513104000000005,Sucrose
3884.0957109999626,0.044172124,Sucrose
3886.0242589999634,0.045047368000000004,Sucrose
3887.9528069999633,0.045873128000000006,Sucrose
3889.881354999963,0.044287532000000004,Sucrose
3891.809902999963,0.045138156000000006,Sucrose
3893.738450999963,0.047086932000000005,Sucrose
3895.6669989999627,0.046101856000000004,Sucrose
3897.5955469999626,0.046336108,Sucrose
3899.5240949999625,0.044561624,Sucrose
3901.4526429999632,0.043842776,Sucrose
3903.381190999963,0.045790616000000006,Sucrose
3905.309738999963,0.045128212,Sucrose
3907.238286999963,0.045051436,Sucrose
3909.1668349999627,0.04683516,Sucrose
3911.0953829999626,0.045037924,Sucrose
3913.0239309999624,0.045017456000000004,Sucrose
3914.9524789999623,0.046962004,Sucrose
3916.881026999963,0.046146028000000006,Sucrose
3918.809574999963,0.044357292,Sucrose
3920.738122999963,0.044219784000000005,Sucrose
3922.6666709999627,0.045667324,Sucrose
3924.5952189999625,0.046604936,Sucrose
3926.5237669999624,0.047874156,Sucrose
3928.4523149999623,0.048011004,Sucrose
3930.380862999962,0.046600256,Sucrose
3932.309410999963,0.045766384,Sucrose
3934.2379589999628,0.045553872,Sucrose
3936.1665069999626,0.045147624000000004,Sucrose
3938.0950549999625,0.045223820000000005,Sucrose
3940.0236029999623,0.04636926,Sucrose
3941.952150999962,0.046774284000000006,Sucrose
3943.880698999962,0.04640214,Sucrose
3945.809246999962,0.046172092000000005,Sucrose
3947.7377949999627,0.046861024,Sucrose
3949.6663429999626,0.046524776000000004,Sucrose
3951.5948909999624,0.046008004000000005,Sucrose
3953.5234389999623,0.046517840000000005,Sucrose
3955.451986999962,0.0472262,Sucrose
3957.380534999962,0.046863384,Sucrose
3959.309082999962,0.04617388,Sucrose
3961.2376309999618,0.045923184000000006,Sucrose
3963.1661789999625,0.045763272,Sucrose
3965.0947269999624,0.046427460000000004,Sucrose
3967.0232749999623,0.046655404000000004,Sucrose
3968.951822999962,0.046259984000000004,Sucrose
3970.880370999962,0.046782620000000004,Sucrose
3972.808918999962,0.047074040000000004,Sucrose
3974.7374669999617,0.046681520000000004,Sucrose
3976.6660149999616,0.046368548,Sucrose
3978.5945629999624,0.046338508,Sucrose
3980.5231109999622,0.04633534,Sucrose
3982.451658999962,0.046351732,Sucrose
3984.380206999962,0.046576084000000004,Sucrose
3986.308754999962,0.046649268,Sucrose
3988.2373029999617,0.046507724,Sucrose
3990.1658509999615,0.046575352,Sucrose
3992.0943989999614,0.046710484000000004,Sucrose
3994.022946999962,0.046822196,Sucrose
3995.951494999962,0.046925948,Sucrose
3997.880042999962,0.047033704,Sucrose
3999.808590999962,0.046981656000000004,Sucrose
4001.7371389999616,0.046898944000000005,Sucrose
4003.6656869999615,0.046989936,Sucrose
4005.5942349999614,0.0470597,Sucrose
4007.5227829999612,0.046959248,Sucrose
4009.451330999962,0.046921356000000004,Sucrose
4011.379878999962,0.046974352000000004,Sucrose
4013.3084269999617,0.047089152,Sucrose
4015.2369749999616,0.047153668,Sucrose
4017.1655229999615,0.04722084,Sucrose
4019.0940709999613,0.047185948000000005,Sucrose
4021.022618999961,0.047075364,Sucrose
4022.951166999961,0.047075364,Sucrose
